show,num,title,primary,secondary
AoStH,0,Pilot,,
AoStH,1,Best Hedgehog,1993-09-06,
AoStH,2,Tails' New Home,1993-09-07,
AoStH,3,Birth of a Salesman,1993-09-08,
AoStH,4,Submerged Sonic,1993-09-09,
AoStH,5,Pseudo Sonic,1993-09-10,
AoStH,6,Over the Hill Hero,1993-09-13,
AoStH,7,Robolympics,1993-09-14,
AoStH,8,Lovesick Sonic,1993-09-15,
AoStH,9,Subterranean Sonic,1993-09-16,
AoStH,10,Grounder the Genius,1993-09-17,
AoStH,11,High Stakes Sonic,1993-09-20,
AoStH,12,Blank-Headed Eagle,1993-09-21,
AoStH,13,Boogey-Mania,1993-09-22,
AoStH,14,Big Daddy,1993-09-23,
AoStH,15,The Robotnik Express,1993-09-24,
AoStH,16,Momma Robotnik's Birthday,1993-09-27,
AoStH,17,Slowwww Going,1993-09-28,
AoStH,18,So Long Sucker,1993-09-29,
AoStH,19,Robotnik's Rival,1993-09-30,
AoStH,20,Trail of the Missing Tails,1993-10-01,
AoStH,21,Momma Robotnik Returns,1993-10-04,
AoStH,22,Too Tall Tails,1993-10-05,
AoStH,23,Super Special Sonic Search & Smash Squad,1993-10-06,
AoStH,24,Magnificent Sonic,1993-10-07,
AoStH,25,Zoobotnik,1993-10-08,
AoStH,26,Tails in Charge,1993-10-11,
AoStH,27,Musta Been a Beautiful Baby,1993-10-12,
AoStH,28,Sonic the Matchmaker,1993-10-13,
AoStH,29,Attack on Pinball Fortress,1993-10-14,
AoStH,30,The Last Resort,1993-10-15,
AoStH,31,Coachnik,1993-10-18,
AoStH,32,Sonic Gets Thrashed,1993-10-19,
AoStH,33,Close Encounter of the Sonic Kind,1993-10-20,
AoStH,34,Tails Prevails,1993-10-21,
AoStH,35,"Robotnik, Jr.",1993-10-22,
AoStH,36,The Magic Hassle,1993-10-25,
AoStH,37,Black Bot the Pirate,1993-10-26,
AoStH,38,Hedgehog of the 'Hound' Table,1993-10-27,
AoStH,39,Robotnik's Pyramid Scheme,1993-10-28,
AoStH,40,Prehistoric Sonic,1993-10-29,
AoStH,41,Untouchable Sonic,1993-11-01,
AoStH,42,Sonic Breakout,1993-11-02,
AoStH,43,Sonically Ever After,1993-11-03,
AoStH,44,The Mystery of the Missing Hi-tops,1993-11-04,
AoStH,45,Super Robotnik,1993-11-05,
AoStH,46,Mass Transit Trouble,1993-11-08,
AoStH,47,Spaceman Sonic,1993-11-09,
AoStH,48,MacHopper,1993-11-10,
AoStH,49,Baby-Sitter Jitters,1993-11-11,
AoStH,50,Full Tilt Tails,1993-11-12,
AoStH,51,Lifestyles of the Sick and Twisted,1993-11-15,
AoStH,52,Road Hog,1993-11-16,
AoStH,53,The Mobius 5000,1993-11-17,
AoStH,54,"Honey, I Shrunk the Hedgehog",1993-11-18,
AoStH,55,Sonic's Song,1993-11-19,
AoStH,56,Sno Problem,1993-11-22,
AoStH,57,Sonic is Running,1993-11-23,
AoStH,58,"Mad Mike, Da Bear Warrior",1993-11-24,
AoStH,59,Robotnikland,1993-11-25,
AoStH,60,The Little Merhog,1993-11-26,
AoStH,61,Robo-Ninjas,1993-11-29,
AoStH,62,Fast and Easy,1993-11-30,
AoStH,63,Tails' Tale,1993-12-01,
AoStH,64,The Robots' Robot,1993-12-02,
AoStH,65,Hero of the Year,1993-12-03,
AoStH,N–A,Sonic Christmas Blast,1996-11-24,
SatAM,1,Super Sonic,1993-09-18,
SatAM,2,Sonic Boom,1993-09-25,
SatAM,3,Sonic and Sally,1993-10-02,
SatAM,4,Hooked on Sonics,1993-10-09,
SatAM,5,Ultra Sonic,1993-10-16,
SatAM,6,Sonic's Nightmare,1993-10-23,
SatAM,7,Warp Sonic,1993-10-30,
SatAM,8,Harmonic Sonic,1993-11-06,
SatAM,9,Sonic and the Secret Scrolls,1993-11-13,
SatAM,10,Sub-Sonic,1993-11-20,
SatAM,11,Heads or Tails,1993-11-27,
SatAM,12,Sonic Past Cool,1993-12-04,
SatAM,13,Sonic Racer,1993-12-11,
SatAM,14,Game Guy,1994-09-10,
SatAM,15,Sonic Conversion,1994-09-17,
SatAM,16,No Brainer,1994-09-24,
SatAM,17,Blast to the Past,1994-10-01,
SatAM,19a,Fed Up with Antoine,1994-10-15,
SatAM,19b,Ghost Busted,1994-10-15,
SatAM,20,Dulcy,1994-10-22,
SatAM,21,The Void,1994-10-29,
SatAM,22a,The Odd Couple,1994-11-05,
SatAM,22b,Ro-Becca,1994-11-05,
SatAM,23,Cry of the Wolf,1994-11-12,
SatAM,24,Drood Henge,1994-11-19,
SatAM,25,Spyhog,1994-11-26,
SatAM,26,The Doomsday Project,1994-12-03,
Underground,1,"Wedding Bell Blues"" ""L'union fait la farce",1999-01-06,
Underground,2,"To Catch a Queen"" ""Échec à la reine",1999-01-10,
Underground,3,"Mobodoon"" ""Mobourg-Latour",1999-01-13,
Underground,4,"The Price of Freedom"" ""Course contre la montre",1999-01-17,
Underground,5,"Underground Masquerade"" ""Bal du duc",1999-01-20,
Underground,6,"Tangled Webs"" ""Holodrame",1999-01-24,
Underground,7,"The Deepest Fear"" ""Sans peur et sans romoches",1999-01-27,
Underground,8,"Who Do You Think You Are"" ""Parfums d'Orient",1999-01-31,
Underground,9,"The Last Resort"" ""Comment résister ?",1999-02-03,
Underground,10,"Come Out Wherever You Are"" ""Bal explosif",1999-02-07,
Underground,11,"Winner Fakes All"" ""Course d'obstacles",1999-02-10,
Underground,12,"A Hedgehog's Home Is Her Castle"" ""La vie de château",1999-02-14,
Underground,13,"Artifact"" ""Objet de voleur",1999-02-17,
Underground,14,"Bug!"" ""Robestioles",1999-02-21,
Underground,15,"Sonic Tonic"" ""Tonisonic",1999-02-24,
Underground,16,"Friend or Foe?"" ""L'ile d'emeraude",1999-02-28,
Underground,17,"Head Games"" ""Reserve surnaturelle",1999-03-03,
Underground,18,"When in Rome..."" ""Vouloir c'est pouvoir",1999-03-07,
Underground,19,"The Jewel in the Crown"" ""Mission diademe",1999-03-10,
Underground,20,"Three Hedgehogs and a Baby"" ""BB AJT",1999-03-14,
Underground,21,"Dunes Day"" ""Nomade's Land",1999-03-17,
Underground,22,"Mummy Dearest"" ""Le parchemin",1999-03-21,
Underground,23,"Hedgehog in the Iron Mask"" ""Mascarade",1999-03-24,
Underground,24,"Six Is a Crowd"" ""Monde parallele",1999-03-28,
Underground,25,"Flying Fortress"" ""La forteresse volante",1999-03-31,
Underground,26,"Beginnings"" ""On reprend au début",1999-04-04,
Underground,27,"No Hedgehog Is an Island"" ""Dur comme la pierre",1999-04-07,
Underground,28,"Getting to Know You"" ""S'entrainer a s'entraider",1999-04-11,
Underground,29,"New Echidna in Town"" ""Dur, Dur-Dur",1999-04-14,
Underground,30,"Harmony or Something"" ""Unis sont les hérissons",1999-04-18,
Underground,31,"Country Crisis"" ""Soscission",1999-04-21,
Underground,32,"Haircraft in Space"" ""Minutes de coiffeur",1999-04-25,
Underground,33,"Healer"" ""Le charlatan",1999-04-28,
Underground,34,"Sonia's Choice"" ""Le choix de Sonia",1999-05-02,
Underground,35,"The Big Melt"" ""20000 lieues sous les glaces",1999-05-05,
Underground,36,"Sleepers"" ""Agent inhibeur",1999-05-09,
Underground,37,"Bartleby the Prisoner"" ""Mauvaises mines",1999-05-12,
Underground,38,"The ART of Destruction"" ""La musique adoucit les monstres",1999-05-16,
Underground,39,"The Pendant"" ""Affaire pendante",1999-05-19,
Underground,40,"Virtual Danger"" ""La realité du virtuel",1999-05-23,
SonicX,1,"The Supersonic Hero Takes the Stage!"" (""Chaos Control Freaks"")",2003-04-06,2003-08-23
SonicX,2,"Infiltrate Area 99!"" (""Sonic to the Rescue"")",2003-04-13,2003-09-13
SonicX,3,"Dr. Eggman's Ambition"" (""Missile Wrist Rampage"")",2003-04-20,2003-09-20
SonicX,4,"Get the Chaos Emerald!"" (""Chaos Emerald Chaos"")",2003-04-27,2003-09-27
SonicX,5,"Clash!! Sonic vs. Knuckles"" (""Cracking Knuckles"")",2003-05-04,2003-10-04
SonicX,6,"Fierce Battle! School Wars"" (""Techno-Teacher"")",2003-05-11,2003-10-11
SonicX,7,"Giant Free-For-All! Chris' House Party"" (""Party Hardly"")",2003-05-18,2003-10-18
SonicX,8,"Emergency Takeoff! X-Tornado"" (""Satellite Swindle"")",2003-05-25,2003-10-25
SonicX,9,"Amy at the Beach"" (""The Last Resort"")",2003-06-01,2003-11-01
SonicX,10,"Fierce Fight! Sonic Baseball Team"" (""Unfair Ball"")",2003-06-08,2003-11-08
SonicX,11,"The Beautiful, Mysterious Thief, Rouge"" (""Fly Spy"")",2003-06-15,2003-11-15
SonicX,12,"Assault on Eggman's Base! (Part I)"" (""Beating Eggman, Part 1"")",2003-06-22,2003-11-22
SonicX,13,"Assault on Eggman's Base! (Part II)"" (""Beating Eggman, Part 2"")",2003-06-29,2003-11-29
SonicX,14,"Chase After the Hero, Sonic!"" (""That's What Friends Are For"")",2003-07-06,2003-12-06
SonicX,15,"Attack of the Mobile Fortress, Egg Fort!"" (""Skirmish in the Sky"")",2003-07-13,2003-12-13
SonicX,16,"Aim for It! The Sunken Ship of the Southern Sea"" (""Depths of Danger"")",2003-07-20,2004-01-17
SonicX,17,"Knuckles! Fist of Fury"" (""The Adventures of Knuckles and Hawk"")",2003-07-27,2004-01-24
SonicX,18,"Huge Shoot-out on the Savannah!"" (""The Dam Scam"")",2003-08-03,2004-01-31
SonicX,19,"The Ghost of the Old Castle, King Boom Boo"" (""Sonic's Scream Test"")",2003-08-10,2004-02-07
SonicX,20,"Departure! Egg Fort II"" (""Cruise Blues"")",2003-08-17,2004-02-14
SonicX,21,"Speed Match! Sonic vs. Sam"" (""Fast Friends"")",2003-08-24,2004-02-21
SonicX,22,"Summer Vacation - Chao Observation Diary"" (""Little Chao Lost"")",2003-08-31,2004-02-28
SonicX,23,"Mayhem! The Sixth Chaos Emerald"" (""Emerald Anniversary"")",2003-09-07,2004-03-06
SonicX,24,"Runaway Sonic! Big Capture Operation"" (""How to Catch a Hedgehog"")",2003-09-14,2004-03-13
SonicX,25,"The Last Chaos Emerald"" (""A Dastardly Deed"")",2003-09-21,2004-03-20
SonicX,26,"Birth! Super Sonic"" (""Countdown to Chaos"")",2003-09-28,2004-03-27
SonicX,27,"The Beginning of the Disaster"" (""Pure Chaos"")",2003-10-05,2004-09-18
SonicX,28,"The Mysterious Lifeform, Chaos"" (""A Chaotic Day"")",2003-10-12,2004-09-25
SonicX,29,"Amy the Captive"" (""A Robot Rebels"")",2003-10-19,2004-10-02
SonicX,30,"Battle on the Egg Carrier"" (""Heads Up, Tails!"")",2003-10-26,2004-10-09
SonicX,31,"Gamma the Wanderer"" (""Revenge of the Robot"")",2003-11-02,2004-10-16
SonicX,32,"The Scream of Perfect Chaos"" (""Flood Fight"")",2003-11-09,2004-10-23
SonicX,33,"The Mystery of Project Shadow"" (""Project: Shadow"")",2003-11-16,2004-10-30
SonicX,34,"Sonic the Fugitive"" (""Shadow Knows"")",2003-11-23,2004-11-06
SonicX,35,"Escape from Prison Island"" (""Sonic's Big Break"")",2003-11-30,2004-11-13
SonicX,36,"Threat from Outer Space"" (""Shadow World"")",2003-12-07,2004-11-20
SonicX,37,"Battle on the Space Colony ARK"" (""Robotnik's Revenge"")",2003-12-14,2004-11-27
SonicX,38,"Maria's Wish, Everyone's Wish"" (""Showdown In Space"")",2003-12-21,2004-12-04
SonicX,39,"The Chaotix Detective Agency"" (""Defective Detectives"")",2003-12-28,2004-12-11
SonicX,40,"Eggman Company"" (""Sunblock Solution"")",2004-01-04,2004-12-18
SonicX,41,"Give Us the Light!"" (""Eggman for President"")",2004-01-11,2005-01-22
SonicX,42,"Amy's Love Went Away?!"" (""A Date to Forget"")",2004-01-18,2005-01-29
SonicX,43,"Huge Home Electronics Panic!!"" (""Mean Machines"")",2004-01-25,2005-02-05
SonicX,44,"The Ridiculously Epic Spy Operation"" (""Sewer Search"")",2004-02-01,2005-02-12
SonicX,45,"Sonic Battle – Face Off!"" (""Prize Fights"")",2004-02-08,2005-02-19
SonicX,46,"Sonic Battle – Finals!!"" (""A Wild Win"")",2004-02-15,2005-02-26
SonicX,47,"The Great Showdown at Latitude Zero!!"" (""Map of Mayhem"")",2004-02-22,2005-03-05
SonicX,48,"Sonic vs. The Underground Monsters"" (""The Volcanic Venture"")",2004-02-29,2005-03-12
SonicX,49,"The Day the World Stood Still"" (""The Beginning of the End"")",2004-03-07,2005-03-12
SonicX,50,"The Morning of Farewells"" (""Running Out of Time"")",2004-03-14,2005-03-19
SonicX,51,"Chris' Long Journey"" (""Friends 'till the End"")",2004-03-21,2005-03-19
SonicX,52,"Memories of the Wind"" (""A New Start"")",2004-03-28,2005-03-26
SonicX,53,"A Messenger From A Meteor Shower"" (""A Cosmic Call"")",2020-03-25,2005-03-12
SonicX,54,"The Spaceship: Blue Typhoon"" (""Cosmic Crisis"")",2020-03-26,2005-03-12
SonicX,55,"The Water Planet, Hydo"" (""H2 Whoa"")",2020-03-27,2005-03-13
SonicX,56,"Dr. Eggman Joins the War!"" (""An Enemy In Need"")",2020-03-31,2005-03-14
SonicX,57,"The Battle at the Ice Palace!"" (""A Chilling Discovery"")",2020-04-01,2005-03-15
SonicX,58,"The Girls' Jungle Trap"" (""Desperately Seeking Sonic"")",2020-04-02,2005-03-16
SonicX,59,"The Chaotix Go To Outer Space"" (""Galactic Gumshoes"")",2020-04-03,2005-03-17
SonicX,60,"Shadow's Rebirth"" (""Trick Sand"")",2020-04-06,2005-03-18
SonicX,61,"The Metarex Battleship Attacks!"" (""Ship of Doom"")",2020-04-07,2005-03-19
SonicX,62,"The Secret of the Underground Canyon"" (""An Underground Odyssey"")",2020-04-08,2005-03-20
SonicX,63,"The Space Fortress, Metal Plant"" (""Station Break-In"")",2020-04-09,2005-03-21
SonicX,64,"Clash! Sonic vs. Shadow"" (""A Metarex Melée"")",2020-04-10,2005-03-23
SonicX,65,"The Chaotix's Electric Shock Love Plan"" (""Mission: Match Up"")",2020-04-13,2005-04-05
SonicX,66,"Cross the Galactic Corridor!"" (""Clash in the Cloister"")",2020-04-14,2005-04-06
SonicX,67,"The Black Trap"" (""Teasing Time""/""Testing Time"")",2020-04-15,2005-04-07
SonicX,68,"Above a Destroyed Planet"" (""A Revolutionary Tale"")",2020-04-16,2005-04-08
SonicX,69,"Please, Marmolim!"" (""The Planet of Misfortune"")",2020-04-17,2005-04-09
SonicX,70,"The Eggman Fleet Appears!"" (""Terror on the Typhoon"")",2020-04-20,2005-04-10
SonicX,71,"Café Chaotix"" (""Hedgehog Hunt"")",2020-04-21,2005-04-11
SonicX,72,"The True Form of the Metarex?!"" (""Zelkova Strikes Back"")",2020-04-22,2005-04-12
SonicX,73,"Shadow, the Assassin!"" (""The Cosmo Conspiracy"")",2020-04-23,2005-04-13
SonicX,74,"The Lost Planet"" (""Eye Spy"")",2020-04-24,2005-04-14
SonicX,75,"The Day of the Forestations"" (""Agent of Mischief"")",2020-04-27,2005-04-15
SonicX,76,"Decisive Battle! Dark Oak"" (""The Light in the Darkness"")",2020-04-28,2005-04-16
SonicX,77,"What I Can Do For You"" (""A Fearless Friend"")",2020-04-29,2005-04-17
SonicX,78,"The Place Where Planets Are Born"" (""So Long, Sonic"")",2020-04-30,2005-04-18
Boom,1,The Sidekick,2014-11-08,2014-11-19
Boom,2,Can an Evil Genius Crash on Your Couch for a Few Days?,2014-11-08,2014-11-19
Boom,3,Translate This,2014-11-15,2014-11-19
Boom,4,Buster,2014-11-15,2014-11-19
Boom,5,My Fair Sticksy,2014-11-19,2014-11-22
Boom,6,Fortress of Squalitude,2014-11-22,2014-11-22
Boom,7,Double Doomsday,2014-11-29,2014-12-10
Boom,8,Eggheads,2014-12-06,2014-12-10
Boom,9,Guilt Tripping,2015-01-17,2014-12-17
Boom,10,"Dude, Where's My Eggman?",2015-01-24,2014-12-17
Boom,11,Cowbot,2015-01-31,2014-12-24
Boom,12,Circus of Plunders,2015-02-07,2014-12-24
Boom,13,Unlucky Knuckles,2015-02-14,2015-01-14
Boom,14,The Meteor,2015-02-21,2015-01-21
Boom,15,Aim Low,2015-02-28,2015-01-14
Boom,16,How to Succeed in Evil Without Really Trying,2015-03-07,2015-01-21
Boom,17,Don't Judge Me,2015-03-14,2015-02-11
Boom,18,Dr. Eggman's Tomato Sauce,2015-03-21,2015-02-11
Boom,19,Sole Power,2015-03-28,2015-02-18
Boom,20,Hedgehog Day,2015-04-04,2015-02-18
Boom,21,Sleeping Giant,2015-04-11,2015-03-11
Boom,22,The Curse of Buddy Buddy Temple,2015-04-18,2015-03-11
Boom,23,Let's Play Musical Friends,2015-04-25,2015-04-01
Boom,24,Late Fees,2015-05-02,2015-04-01
Boom,25,Into the Wilderness,2015-05-09,2015-04-01
Boom,26,Eggman Unplugged,2015-05-16,2015-04-08
Boom,27,Chez Amy,2015-07-13,2015-04-08
Boom,28,Blue with Envy,2015-07-14,2015-04-08
Boom,29,Curse of the Cross Eyed Moose,2015-07-15,2015-04-22
Boom,30,Chili Dog Day Afternoon,2015-07-16,2015-04-22
Boom,31,Closed Door Policy,2015-07-17,2015-05-06
Boom,32,Mayor Knuckles,2015-07-20,2015-05-06
Boom,33,Eggman the Auteur,2015-07-21,2015-05-20
Boom,34,Just a Guy,2015-07-22,2015-05-20
Boom,35,Two Good to Be True,2015-07-23,2015-06-03
Boom,36,Beyond the Valley of the Cubots,2015-07-24,2015-08-29
Boom,37,Next Top Villain,2015-08-01,2015-08-29
Boom,38,New Year's Retribution,2015-08-08,2015-06-03
Boom,39,Battle of the Boy Bands,2015-08-15,2015-08-29
Boom,40,Tails' Crush,2015-08-22,2015-08-29
Boom,41,Bro-Down Showdown,2015-08-29,2015-08-30
Boom,42,Late Night Wars,2015-09-05,2015-08-30
Boom,43,Fire in a Crowded Workshop,2015-09-12,2015-08-30
Boom,44,"It Wasn't Me, It Was the One-Armed Hedgehog",2015-09-19,2015-08-30
Boom,45,Robot Battle Royale,2015-09-26,2015-08-31
Boom,46,No Robots Allowed,2015-10-03,2015-08-30
Boom,47,Fuzzy Puppy Buddies,2015-10-10,2015-08-31
Boom,48,Designated Heroes,2015-10-17,2015-09-06
Boom,49,Role Models,2015-10-24,2015-09-05
Boom,50,Cabin Fever,2015-10-31,2015-08-31
Boom,51,Counter Productive,2015-11-07,2015-09-20
Boom,52,It Takes a Village to Defeat a Hedgehog,2015-11-14,2015-09-20
Boom,53,Tommy Thunder: Method Actor,2016-10-29,2017-04-08
Boom,54,Spacemageddonocalypse,2016-11-19,2017-04-08
Boom,55,Nutwork,2016-11-26,2017-04-15
Boom,56,"Alone Again, Unnaturally",2016-12-03,2017-04-22
Boom,57,The Biggest Fan,2016-12-10,2017-04-29
Boom,58,"Anything You Can Do, I Can Do Worse-er",2016-12-17,2017-05-06
Boom,59,I Can Sea Sonic's Fear from Here,2016-12-24,2017-05-13
Boom,60,In the Midnight Hour,2016-12-31,2017-05-20
Boom,61,Multi-Tails,2017-01-07,2017-05-27
Boom,62,Strike!,2017-01-14,2017-06-03
Boom,63,The Evil Dr. Orbot,2017-01-21,2017-06-10
Boom,64,Knuck Knuck! Who's Here?,2017-01-28,2017-06-17
Boom,65,Mech Suits Me,2017-02-04,2017-06-24
Boom,66,FiendBot,2017-02-11,2017-07-01
Boom,67,Og Man Out,2017-02-18,2017-07-08
Boom,68,Knine-to-Five Knuckles,2017-02-25,2017-07-15
Boom,69,Blackout,2017-03-04,2017-07-22
Boom,70,Unnamed Episode,2017-03-11,2017-07-29
Boom,71,Robot Employees,2017-03-18,2017-08-05
Boom,72,Give Bees a Chance,2017-03-25,2017-08-12
Boom,73,Mombot,2017-04-01,2017-08-19
Boom,74,Muckfoot,2017-04-08,2017-08-26
Boom,75,Nominatus Rising,2017-04-15,2017-09-02
Boom,76,Eggman's Brother,2017-04-22,2017-09-09
Boom,77,Do Not Disturb,2017-04-29,2017-09-16
Boom,78–81,Robots from the Sky,2017-05-06,2017-09-23
Boom,82,Flea-ing from Trouble,2017-06-03,2017-09-30
Boom,83,Lightning Bowler Society,2017-06-10,2017-10-07
Boom,84,"Planes, Trains and Dude-Mobiles",2017-06-17,2017-10-14
Boom,85,Sticks and Amy's Excellent Staycation,2017-06-24,2017-10-21
Boom,86,Inn Sanity,2017-07-01,2017-10-28
Boom,87,Mister Eggman,2017-07-08,2017-11-03
Boom,88,The Haunted Lair,2017-07-15,2017-11-10
Boom,89,Return of the Buddy Buddy Temple of Doom,2017-07-22,2017-11-17
Boom,90,Eggman's Anti Gravity Ray,2017-07-29,2017-11-24
Boom,91,Victory,2017-08-05,2017-12-01
Boom,92,Three Men and My Baby!,2017-08-12,2017-12-08
Boom,93,Where Have All the Sonics Gone?,2017-08-19,2017-12-15
Boom,94,If You Build It They Will Race,2017-08-26,2017-12-22
Boom,95,Chain Letter,2017-09-02,2017-12-29
Boom,96,Vector Detector,2017-09-09,2018-01-05
Boom,97,Three Minutes or Less,2017-09-30,2018-01-26
Boom,98,Lair on Lockdown,2017-10-07,2018-02-02
Boom,99,You and I Bee-come One,2017-10-14,2018-02-09
Boom,100,Don't Make Me Angry,2017-10-21,2018-02-16
Boom,101,Eggman Family Vacation,2017-10-28,2018-02-23
Boom,102,Return to Beyond the Valley of the Cubots,2017-11-04,2018-03-02
Boom,103 104,Eggman: The Video Game,2017-11-11,2018-03-09
