issue,release,original_material,note
0,1993-05-01,Y,"APPROXIMATE: wiki says only ""around May/June 1993"". Free preview, precedes #1 (29 May 1993). Sorts first; date is not exact."
1,1993-05-29,Y,
2,1993-06-12,Y,
3,1993-06-26,Y,
4,1993-07-10,Y,
5,1993-07-24,Y,
6,1993-08-07,Y,
7,1993-08-21,Y,
8,1993-09-04,Y,
9,1993-09-18,Y,
10,1993-10-02,Y,
11,1993-10-16,Y,
12,1993-10-30,Y,
13,1993-11-13,Y,
14,1993-11-27,Y,
15,1993-12-11,Y,
16,1993-12-25,Y,
17,1994-01-08,Y,
18,1994-01-22,Y,
19,1994-02-05,Y,
20,1994-02-19,Y,
21,1994-03-05,Y,
22,1994-03-19,Y,
23,1994-04-02,Y,
24,1994-04-16,Y,
25,1994-04-30,Y,
26,1994-05-14,Y,
27,1994-05-28,Y,
28,1994-06-11,Y,
29,1994-06-25,Y,
30,1994-07-09,Y,
31,1994-07-23,Y,
32,1994-08-06,Y,
33,1994-08-20,Y,
34,1994-09-03,Y,
35,1994-09-17,Y,
36,1994-10-01,Y,
37,1994-10-15,Y,
38,1994-10-29,Y,
39,1994-11-12,Y,
40,1994-11-26,Y,
41,1994-12-10,Y,
42,1994-12-24,Y,
43,1995-01-07,Y,
44,1995-01-21,Y,
45,1995-02-04,Y,
46,1995-02-18,Y,
47,1995-03-04,Y,
48,1995-03-18,Y,
49,1995-03-31,Y,
50,1995-04-15,Y,
51,1995-04-28,Y,
52,1995-05-13,Y,
53,1995-05-27,Y,
54,1995-06-10,Y,
55,1995-06-24,Y,
56,1995-07-08,Y,
57,1995-07-22,Y,
58,1995-08-05,Y,
59,1995-08-19,Y,
60,1995-09-02,Y,
61,1995-09-16,Y,
62,1995-09-30,Y,
63,1995-10-14,Y,
64,1995-10-28,Y,
65,1995-11-11,Y,
66,1995-11-25,Y,
67,1995-12-09,Y,
68,1995-12-23,Y,
69,1996-01-06,Y,
70,1996-01-20,Y,
71,1996-02-03,Y,
72,1996-02-17,Y,
73,1996-03-02,Y,
74,1996-03-16,Y,
75,1996-03-30,Y,
76,1996-04-13,Y,
77,1996-04-27,Y,
78,1996-05-11,Y,
79,1996-05-25,Y,
80,1996-06-12,Y,
81,1996-06-26,Y,
82,1996-07-10,Y,
83,1996-07-24,Y,
84,1996-08-07,Y,
85,1996-08-21,Y,
86,1996-09-04,Y,
87,1996-09-18,Y,
88,1996-10-02,Y,
89,1996-10-16,Y,
90,1996-10-30,Y,
91,1996-11-13,Y,
92,1996-11-27,Y,
93,1996-12-11,Y,
94,1996-12-25,Y,
95,1997-01-08,Y,
96,1997-01-22,Y,
97,1997-02-05,Y,
98,1997-02-19,Y,
99,1997-03-05,Y,
100,1997-03-19,Y,
101,1997-04-02,Y,
102,1997-04-16,Y,
103,1997-04-30,Y,
104,1997-05-14,Y,
105,1997-05-28,Y,
106,1997-06-11,Y,
107,1997-06-25,Y,
108,1997-07-09,Y,
109,1997-07-23,Y,
110,1997-08-06,Y,
111,1997-08-20,Y,
112,1997-09-03,Y,
113,1997-09-17,Y,
114,1997-10-01,Y,
115,1997-10-15,Y,
116,1997-10-29,Y,
117,1997-11-12,Y,
118,1997-11-26,Y,
119,1997-12-17,Y,
120,1997-12-31,Y,
121,1998-01-14,Y,
122,1998-01-28,Y,
123,1998-02-11,Y,
124,1998-02-25,Y,
125,1998-03-11,Y,
126,1998-03-25,Y,
127,1998-04-08,Y,
128,1998-04-22,Y,
129,1998-05-06,Y,
130,1998-05-20,Y,
131,1998-06-03,Y,
132,1998-06-17,Y,
133,1998-07-01,Y,
134,1998-07-15,Y,
135,1998-07-29,Y,
136,1998-08-12,Y,
137,1998-08-26,Y,
138,1998-09-09,Y,
139,1998-09-23,Y,
140,1998-10-07,Y,
141,1998-10-21,Y,
142,1998-11-04,Y,
143,1998-11-18,Y,
144,1998-12-02,Y,
145,1998-12-16,Y,
146,1998-12-30,Y,
147,1999-01-13,Y,
148,1999-01-27,Y,
149,1999-02-10,Y,
150,1999-02-24,Y,
151,1999-03-10,Y,
152,1999-03-24,Y,
153,1999-04-07,Y,
154,1999-04-21,Y,
155,1999-05-05,Y,
156,1999-05-19,Y,
157,1999-06-02,Y,
158,1999-06-16,Y,
159,1999-06-30,Y,
160,1999-07-14,Y,
161,1999-07-28,Y,
162,1999-08-11,Y,
163,1999-08-25,Y,
164,1999-09-08,Y,
165,1999-09-22,Y,
166,1999-10-06,Y,
167,1999-10-20,Y,
168,1999-11-03,Y,
169,1999-11-17,Y,"DEDUCED: wiki says 17 Oct 1999; neighbours (#168 3 Nov, #170 1 Dec) and the 14-day cadence make it 17 Nov. Month typo."
170,1999-12-01,Y,
171,1999-12-15,Y,
172,2000-01-12,Y,
173,2000-01-26,Y,
174,2000-02-09,Y,
175,2000-02-23,Y,
176,2000-03-08,Y,
177,2000-03-22,Y,
178,2000-04-05,Y,
179,2000-04-19,Y,
180,2000-05-03,Y,
181,2000-05-17,Y,
182,2000-05-31,Y,
183,2000-06-14,Y,
184,2000-06-28,Y,
185,2000-07-12,N (reprint),
186,2000-07-26,N (reprint),"DEDUCED: wiki gives ""26th July"" with no year; #185 12 Jul 2000 and #187 9 Aug 2000 fix it to 2000."
187,2000-08-09,N (reprint),
188,2000-08-23,N (reprint),
189,2000-09-06,N (reprint),
190,2000-09-20,N (reprint),
191,2000-10-04,N (reprint),
192,2000-10-18,N (reprint),
193,2000-11-01,N (reprint),
194,2000-11-15,N (reprint),
195,2000-11-29,N (reprint),
196,2000-12-13,N (reprint),
197,2000-12-27,N (reprint),
198,2001-01-10,N (reprint),"DEDUCED: wiki says 10 Feb 2001; #197 27 Dec + 14 = 10 Jan, and #199/#200/#201 chain cleanly from there. Month typo."
199,2001-01-24,N (reprint),
200,2001-02-07,N (reprint),
201,2001-02-21,N (reprint),
202,2001-03-07,N (reprint),
203,2001-03-21,N (reprint),
204,2001-04-04,N (reprint),
205,2001-04-18,N (reprint),
206,2001-05-02,N (reprint),
207,2001-05-16,N (reprint),
208,2001-05-30,N (reprint),
209,2001-06-13,N (reprint),
210,2001-06-27,N (reprint),
211,2001-07-11,N (reprint),
212,2001-07-25,N (reprint),
213,2001-08-08,N (reprint),
214,2001-08-22,N (reprint),
215,2001-09-05,N (reprint),
216,2001-09-19,N (reprint),
217,2001-10-03,N (reprint),
218,2001-10-17,N (reprint),
219,2001-10-31,N (reprint),
220,2001-11-14,N (reprint),
221,2001-11-28,N (reprint),
222,2001-12-12,N (reprint),
223,2001-12-28,N (reprint),
