game,hltb_main_hours,confidence
Knuckles' Chaotix,,NOT SOURCED
SegaSonic the Hedgehog,,NOT SOURCED
Shadow the Hedgehog,5,"SECONDHAND (GameRant May 2022, cites HLTB)"
Sonic & Knuckles,3,"SECONDHAND (GameRant May 2022, cites HLTB)"
Sonic 3D Blast,,NOT SOURCED
Sonic Advance,,NOT SOURCED
Sonic Advance 2,,NOT SOURCED
Sonic Advance 3,,NOT SOURCED
Sonic Adventure,9,"SECONDHAND (GameRant May 2022, cites HLTB)"
Sonic Adventure 2,9.5,"SECONDHAND (GameRant May 2022, cites HLTB)"
Sonic Battle,,NOT SOURCED
Sonic Blast,,NOT SOURCED
Sonic Boom: Fire & Ice,,NOT SOURCED
Sonic Boom: Rise of Lyric,,NOT SOURCED
Sonic Boom: Shattered Crystal,,NOT SOURCED
Sonic Chaos,,NOT SOURCED
Sonic Chronicles,,NOT SOURCED
Sonic Colors,5,"SECONDHAND (GameRant May 2022, cites HLTB)"
Sonic Dream Team,,NOT SOURCED
Sonic Drift,,NOT SOURCED
Sonic Drift 2,,NOT SOURCED
Sonic Forces,4,"SECONDHAND (GameRant May 2022, cites HLTB)"
Sonic Frontiers,,NOT SOURCED
Sonic Generations,5.5,"SECONDHAND (GameRant May 2022, cites HLTB)"
Sonic Heroes,12,"SECONDHAND (GameRant May 2022, cites HLTB)"
Sonic Labyrinth,,NOT SOURCED
Sonic Lost World,7.5,"SECONDHAND (GameRant May 2022, cites HLTB)"
Sonic Mania,5.5,"SECONDHAND (GameRant May 2022, cites HLTB)"
Sonic Origins,,NOT SOURCED
Sonic R,,NOT SOURCED
Sonic Racing: CrossWorlds,,NOT SOURCED
Sonic Riders,,NOT SOURCED
Sonic Riders: Zero Gravity,,NOT SOURCED
Sonic Rivals,,NOT SOURCED
Sonic Rivals 2,,NOT SOURCED
Sonic Rush,,NOT SOURCED
Sonic Rush Adventure,,NOT SOURCED
Sonic Spinball,,NOT SOURCED
Sonic Superstars,,NOT SOURCED
Sonic Triple Trouble,,NOT SOURCED
Sonic Unleashed,13,"SECONDHAND (GameRant May 2022, cites HLTB)"
Sonic X Shadow Generations,,NOT SOURCED
Sonic and the Black Knight,3,"SECONDHAND (GameRant May 2022, cites HLTB)"
Sonic and the Secret Rings,,NOT SOURCED
Sonic the Fighters,,NOT SOURCED
Sonic the Hedgehog (16-bit),2,"SECONDHAND (GameRant May 2022, cites HLTB)"
Sonic the Hedgehog (2006),16,"SECONDHAND (GameRant May 2022, cites HLTB)"
Sonic the Hedgehog (8-bit),,NOT SOURCED
Sonic the Hedgehog 2 (16-bit),2.5,"SECONDHAND (GameRant May 2022, cites HLTB)"
Sonic the Hedgehog 2 (8-bit),,NOT SOURCED
Sonic the Hedgehog 3,3,"SECONDHAND (GameRant May 2022, cites HLTB)"
Sonic the Hedgehog CD,2,"SECONDHAND (GameRant May 2022, cites HLTB)"
Tails Adventure,,NOT SOURCED
Tails' Skypatrol,,NOT SOURCED
The Murder of Sonic the Hedgehog,,NOT SOURCED
