game,regional_dates
Sonic the Hedgehog (16-bit),"EU:June 21, 1991; NA:June 23, 1991; JP:July 26, 1991"
Sonic the Hedgehog (8-bit),"NA:October 25, 1991; EU:October 25, 1991; JP:December 28, 1991"
Sonic the Hedgehog 2 (16-bit),"JP:November 21, 1992; NA:November 24, 1992; EU:November 24, 1992; AU:December 1, 1992"
Sonic the Hedgehog 2 (8-bit),"JP:November 21, 1992; EU:November 24, 1992; NA:December 1992"
Sonic the Hedgehog CD,"JP:September 23, 1993; EU:October 18, 1993; NA:November 19, 1993"
Sonic Chaos,"EU:October 25, 1993; JP:November 19, 1993; NA:November 23, 1993"
Sonic the Hedgehog 3,"NA:February 2, 1994; EU:February 24, 1994; JP:May 27, 1994"
Sonic Drift,"JP:March 18, 1994"
SegaSonic the Hedgehog,JP:October 1993
Sonic & Knuckles,"JP:October 18, 1994; NA:October 18, 1994; EU:October 18, 1994; AU:November 19, 1994"
Sonic Triple Trouble,"JP:November 11, 1994; NA:November 1994; EU:November 1994"
Sonic Drift 2,"JP:March 17, 1995; EU:March 1995; NA:November 1995"
Tails' Skypatrol,"JP:April 28, 1995"
Knuckles' Chaotix,"NA:April 20, 1995; JP:April 21, 1995; EU:May 1995"
Tails Adventure,"JP:September 22, 1995; EU:September 1995; NA:November 1995"
Sonic Labyrinth,"EU:October 1995; JP:November 17, 1995; NA:November 1995"
Sonic 3D Blast,"NA:November 7, 1996; EU:November 14, 1996; JP:October 14, 1999"
Sonic Blast,"NA:November 1996; EU:November 1996; JP:December 13, 1996"
Sonic the Fighters,JP:June 1996; NA:July 1996
Sonic R,"NA:October 31, 1997; JP:December 4, 1997; EU:December 11, 1997"
Sonic Adventure,"JP:December 23, 1998; NA:September 9, 1999; EU:October 14, 1999; AU:December 1, 1999"
Sonic Adventure 2,"NA:June 18, 2001; JP:June 23, 2001; EU:June 23, 2001"
Sonic Advance,"JP:December 20, 2001; NA:February 3, 2002; EU:March 8, 2002"
Sonic Advance 2,"JP:December 19, 2002; NA:March 9, 2003; EU:March 28, 2003"
Sonic Heroes,"JP:December 30, 2003; NA:January 5, 2004; EU:February 6, 2004"
Sonic Battle,"JP:December 4, 2003; NA:January 5, 2004; EU:February 27, 2004"
Sonic Advance 3,"NA:June 7, 2004; JP:June 17, 2004; EU:June 18, 2004"
Sonic Rush,"NA:November 15, 2005; JP:November 18, 2005; EU:November 23, 2005"
Shadow the Hedgehog,"NA:November 15, 2005; EU:November 18, 2005; JP:December 15, 2005"
Sonic Riders,"NA:February 21, 2006; JP:February 23, 2006; EU:March 17, 2006"
Sonic Rivals,"NA:November 16, 2006; EU:December 1, 2006; AU:December 7, 2006"
Sonic and the Secret Rings,"NA:February 20, 2007; EU:March 2, 2007; AU:March 8, 2007; JP:March 15, 2007"
Sonic Rush Adventure,"EU:September 14, 2007; NA:September 18, 2007; AU:September 27, 2007; JP:October 18, 2007"
Sonic Rivals 2,"NA:November 13, 2007; AU:December 6, 2007; EU:December 7, 2007"
Sonic Riders: Zero Gravity,"NA:January 8, 2008; JP:January 17, 2008; EU:February 22, 2008; AU:March 6, 2008"
Sonic Unleashed,"NA:November 18, 2008; AU:November 27, 2008; EU:November 28, 2008; JP:December 18, 2008"
Sonic Chronicles,"AU:September 25, 2008; EU:September 26, 2008; NA:September 30, 2008; JP:August 6, 2009"
Sonic and the Black Knight,"NA:March 3, 2009; JP:March 12, 2009; AU:March 12, 2009; EU:March 13, 2009"
Sonic Colors,"AU:November 11, 2010; EU:November 12, 2010; NA:November 16, 2010; JP:November 18, 2010"
Sonic Generations,"NA:November 1, 2011; AU:November 3, 2011; EU:November 4, 2011; JP:December 1, 2011"
Sonic Lost World,"EU:October 18, 2013; AU:October 19, 2013; JP:October 24, 2013; NA:October 29, 2013"
Sonic Boom: Rise of Lyric,"NA:November 11, 2014; EU:November 21, 2014; AU:November 29, 2014; JP:December 18, 2014"
Sonic Boom: Shattered Crystal,"NA:November 11, 2014; EU:November 21, 2014; AU:November 29, 2014; JP:December 18, 2014"
Sonic Boom: Fire & Ice,"NA:September 27, 2016; EU:September 30, 2016; AU:October 1, 2016; JP:October 27, 2016"
Sonic Mania,"WW:August 15, 2017; JP:August 16, 2017"
Sonic Forces,"WW:November 7, 2017; JP:November 9, 2017"
Sonic Origins,"WW:June 23, 2022"
Sonic Frontiers,"WW:November 8, 2022"
Sonic Superstars,"WW:October 17, 2023"
Sonic Dream Team,"WW:December 5, 2023"
The Murder of Sonic the Hedgehog,"WW:March 31, 2023"
Sonic Racing: CrossWorlds,"WW:September 25, 2025"
