issue,release,src
1,2018-04-04,"Sonic Wiki (infobox, cited)"
2,2018-04-11,"Sonic Wiki (infobox, cited)"
3,2018-04-18,"Sonic Wiki (infobox, cited)"
4,2018-04-25,"Sonic Wiki (infobox, cited)"
5,2018-05-30,"Sonic Wiki (infobox, cited)"
6,2018-06-27,"Sonic Wiki (infobox, cited)"
7,2018-07-25,"Sonic Wiki (infobox, cited)"
8,2018-08-15,"Sonic Wiki (infobox, cited)"
9,2018-09-19,"Sonic Wiki (infobox, cited)"
10,2018-10-31,"Sonic Wiki (infobox, cited)"
11,2018-11-28,"Sonic Wiki (infobox, cited)"
12,2019-01-16,"Sonic Wiki (infobox, cited)"
13,2019-02-06,"Sonic Wiki (infobox, cited)"
14,2019-02-27,"Sonic Wiki (infobox, cited)"
15,2019-03-20,"Sonic Wiki (infobox, cited)"
16,2019-05-08,"Sonic Wiki (infobox, cited)"
17,2019-05-22,"Sonic Wiki (infobox, cited)"
18,2019-07-03,"Sonic Wiki (infobox, cited)"
19,2019-07-24,"Sonic Wiki (infobox, cited)"
20,2019-08-28,"Sonic Wiki (infobox, cited)"
21,2019-10-02,"Sonic Wiki (infobox, cited)"
22,2019-10-23,"Sonic Wiki (infobox, cited)"
23,2019-11-27,"Sonic Wiki (infobox, cited)"
24,2019-12-25,"Sonic Wiki (infobox, cited)"
25,2020-02-12,"Sonic Wiki (infobox, cited)"
26,2020-03-04,"Sonic Wiki (infobox, cited)"
27,2020-03-25,"Sonic Wiki (infobox, cited)"
28,2020-06-24,"Sonic Wiki (infobox, cited)"
29,2020-07-22,"Sonic Wiki (infobox, cited)"
30,2020-08-19,"Sonic Wiki (infobox, cited)"
31,2020-09-16,"Sonic Wiki (infobox, cited)"
32,2020-09-23,"Sonic Wiki (infobox, cited)"
33,2020-10-14,"Sonic Wiki (infobox, cited)"
34,2020-11-11,"Sonic Wiki (infobox, cited)"
35,2020-12-02,"Sonic Wiki (infobox, cited)"
36,2021-01-13,"Sonic Wiki (infobox, cited)"
37,2021-02-24,"Sonic Wiki (infobox, cited)"
38,2021-03-24,"Sonic Wiki (infobox, cited)"
39,2021-05-12,"Sonic Wiki (infobox, cited)"
40,2021-06-09,"Sonic Wiki (infobox, cited)"
41,2021-06-16,"Sonic Wiki (infobox, cited)"
42,2021-07-21,"Sonic Wiki (infobox, cited)"
43,2021-09-01,"Sonic Wiki (infobox, cited)"
44,2021-09-15,"Sonic Wiki (infobox, cited)"
45,2021-10-13,"Sonic Wiki (infobox, cited)"
46,2021-10-27,"Sonic Wiki (infobox, cited)"
47,2021-12-22,"Sonic Wiki (infobox, cited)"
48,2022-02-23,"Sonic Wiki (infobox, cited)"
49,2022-04-27,"Sonic Wiki (infobox, cited)"
50,2022-06-29,"Sonic Wiki (infobox, cited)"
51,2022-07-27,"Sonic Wiki (infobox, cited)"
52,2022-08-24,"Sonic Wiki (infobox, cited)"
53,2022-09-28,"Sonic Wiki (infobox, cited)"
54,2022-10-26,League of Comic Geeks
55,2022-12-07,League of Comic Geeks
56,2023-01-04,League of Comic Geeks
57,2023-02-08,League of Comic Geeks
58,2023-03-01,League of Comic Geeks
59,2023-04-19,League of Comic Geeks
60,2023-05-17,League of Comic Geeks
61,2023-06-07,League of Comic Geeks
62,2023-07-05,League of Comic Geeks
63,2023-08-16,League of Comic Geeks
64,2023-09-13,League of Comic Geeks
65,2023-10-11,League of Comic Geeks
66,2023-11-08,League of Comic Geeks
67,2023-12-06,League of Comic Geeks
68,2024-01-03,League of Comic Geeks
69,2024-05-29,League of Comic Geeks
70,2024-07-03,League of Comic Geeks
71,2024-07-31,League of Comic Geeks
72,2024-08-28,League of Comic Geeks
73,2024-09-18,League of Comic Geeks
74,2024-10-30,League of Comic Geeks
75,2024-12-18,League of Comic Geeks
76,2025-02-05,League of Comic Geeks
77,2025-03-19,League of Comic Geeks
78,2025-05-07,League of Comic Geeks
79,2025-06-25,League of Comic Geeks
80,2025-07-30,League of Comic Geeks
81,2025-09-03,League of Comic Geeks
82,2025-11-19,League of Comic Geeks
83,2025-12-24,League of Comic Geeks
84,2026-02-04,League of Comic Geeks
85,2026-03-11,League of Comic Geeks
86,2026-04-22,League of Comic Geeks
87,2026-06-17,League of Comic Geeks
88,2026-08-05,League of Comic Geeks
