title,release,block
Sonic the Hedgehog #1,2018-04-04,main
Sonic the Hedgehog #2,2018-04-11,main
Sonic the Hedgehog #3,2018-04-18,main
Sonic the Hedgehog #4,2018-04-25,main
Sonic the Hedgehog #5,2018-05-30,main
Sonic the Hedgehog #6,2018-06-27,main
Sonic the Hedgehog #7,2018-07-25,main
Sonic the Hedgehog #8,2018-08-15,main
Sonic the Hedgehog #9,2018-09-19,main
Sonic the Hedgehog #10,2018-10-31,main
Sonic the Hedgehog #11,2018-11-28,main
Team Sonic Racing One-shot,2018-12-05,one-shot
Sonic the Hedgehog #12,2019-01-16,main
Sonic the Hedgehog #13,2019-02-06,main
Sonic the Hedgehog #14,2019-02-27,main
Sonic the Hedgehog #15,2019-03-20,main
Sonic the Hedgehog: Tangle & Whisper Issue 0,2019-04-24,mini/annual/crossover
Sonic the Hedgehog Annual 2019,2019-05-01,mini/annual/crossover
Sonic the Hedgehog #16,2019-05-08,main
Sonic the Hedgehog #17,2019-05-22,main
Team Sonic Racing Plus Deluxe Turbo Championship Edition one-shot,2019-05-22,one-shot
Sonic the Hedgehog #18,2019-07-03,main
Sonic the Hedgehog #19,2019-07-24,main
Sonic the Hedgehog: Tangle & Whisper Issue 1,2019-07-31,mini/annual/crossover
Sonic the Hedgehog #20,2019-08-28,main
Sonic the Hedgehog: Tangle & Whisper Issue 2,2019-09-04,mini/annual/crossover
Sonic the Hedgehog #21,2019-10-02,main
Sonic the Hedgehog #22,2019-10-23,main
Sonic the Hedgehog: Tangle & Whisper Issue 3,2019-10-23,mini/annual/crossover
IDW Sonic the Hedgehog Halloween ComicFest 2019,2019-10-26,one-shot
Sonic the Hedgehog #23,2019-11-27,main
Sonic the Hedgehog: Tangle & Whisper Issue 4,2019-12-11,mini/annual/crossover
Sonic the Hedgehog #24,2019-12-25,main
Sonic the Hedgehog #25,2020-02-12,main
Sonic the Hedgehog #26,2020-03-04,main
Sonic the Hedgehog #27,2020-03-25,main
Sonic the Hedgehog #28,2020-06-24,main
Sonic the Hedgehog Annual 2020,2020-07-08,mini/annual/crossover
Sonic the Hedgehog #29,2020-07-22,main
Sonic the Hedgehog #30,2020-08-19,main
Sonic the Hedgehog #31,2020-09-16,main
Sonic the Hedgehog #32,2020-09-23,main
Sonic the Hedgehog: Bad Guys Issue 1,2020-10-07,mini/annual/crossover
Sonic the Hedgehog #33,2020-10-14,main
Sonic the Hedgehog: Bad Guys Issue 2,2020-11-04,mini/annual/crossover
Sonic the Hedgehog #34,2020-11-11,main
Sonic the Hedgehog: Bad Guys Issue 3,2020-11-25,mini/annual/crossover
Sonic the Hedgehog #35,2020-12-02,main
Sonic the Hedgehog: Bad Guys Issue 4,2020-12-23,mini/annual/crossover
Sonic the Hedgehog #36,2021-01-13,main
Sonic the Hedgehog #37,2021-02-24,main
Sonic the Hedgehog #38,2021-03-24,main
Sonic the Hedgehog #39,2021-05-12,main
Sonic the Hedgehog #40,2021-06-09,main
Sonic the Hedgehog #41,2021-06-16,main
Sonic the Hedgehog 30th Anniversary Special,2021-06-23,one-shot
Sonic the Hedgehog #42,2021-07-21,main
IDW Sonic the Hedgehog Free Comic Book Day 2021,2021-08-14,one-shot
Sonic the Hedgehog #43,2021-09-01,main
Sonic the Hedgehog #44,2021-09-15,main
Sonic the Hedgehog #45,2021-10-13,main
Sonic the Hedgehog #46,2021-10-27,main
Sonic the Hedgehog: Imposter Syndrome Issue 1,2021-11-17,mini/annual/crossover
Sonic the Hedgehog #47,2021-12-22,main
Sonic the Hedgehog: Imposter Syndrome Issue 2,2022-01-12,mini/annual/crossover
Sonic the Hedgehog #48,2022-02-23,main
Sonic the Hedgehog: Imposter Syndrome Issue 3,2022-03-09,mini/annual/crossover
Sonic the Hedgehog #49,2022-04-27,main
IDW Sonic the Hedgehog Free Comic Book Day 2022,2022-05-07,one-shot
Sonic the Hedgehog: Imposter Syndrome Issue 4,2022-05-11,mini/annual/crossover
Sonic the Hedgehog #50,2022-06-29,main
Sonic the Hedgehog #51,2022-07-27,main
Sonic the Hedgehog Annual 2022,2022-08-17,mini/annual/crossover
Sonic the Hedgehog #52,2022-08-24,main
Sonic the Hedgehog #53,2022-09-28,main
Sonic the Hedgehog: Scrapnik Island Issue 1,2022-10-19,mini/annual/crossover
Sonic the Hedgehog #54,2022-10-26,main
Sonic the Hedgehog: Scrapnik Island Issue 2,2022-11-16,mini/annual/crossover
Sonic the Hedgehog: Tails' 30th Anniversary Special,2022-11-16,one-shot
Sonic the Hedgehog #55,2022-12-07,main
Sonic the Hedgehog: Scrapnik Island Issue 3,2022-12-21,mini/annual/crossover
Sonic the Hedgehog #56,2023-01-04,main
Sonic the Hedgehog: Scrapnik Island Issue 4,2023-01-18,mini/annual/crossover
Sonic the Hedgehog #57,2023-02-08,main
Sonic the Hedgehog #58,2023-03-01,main
Sonic the Hedgehog: Issue 1 5th Anniversary Edition,2023-04-05,one-shot
Sonic the Hedgehog #59,2023-04-19,main
Sonic the Hedgehog #60,2023-05-17,main
Sonic the Hedgehog #61,2023-06-07,main
Sonic the Hedgehog #62,2023-07-05,main
Sonic the Hedgehog #63,2023-08-16,main
Sonic the Hedgehog: Endless Summer,2023-08-30,one-shot
Sonic the Hedgehog #64,2023-09-13,main
Sonic the Hedgehog's 900th Adventure,2023-09-13,one-shot
Sonic the Hedgehog: Amy's 30th Anniversary Special,2023-09-27,one-shot
Sonic the Hedgehog #65,2023-10-11,main
Sonic the Hedgehog: Halloween Special,2023-10-11,one-shot
Sonic the Hedgehog #66,2023-11-08,main
Sonic the Hedgehog #67,2023-12-06,main
Sonic the Hedgehog: Winter Jam,2023-12-13,one-shot
Sonic the Hedgehog #68,2024-01-03,main
Sonic the Hedgehog: Fang the Hunter Issue 1,2024-01-17,mini/annual/crossover
Sonic the Hedgehog: Fang the Hunter Issue 2,2024-02-28,mini/annual/crossover
Sonic the Hedgehog: Fang the Hunter Issue 3,2024-04-03,mini/annual/crossover
Sonic the Hedgehog: Fang the Hunter Issue 4,2024-05-01,mini/annual/crossover
Sonic the Hedgehog #69,2024-05-29,main
Sonic the Hedgehog: Spring Broken!,2024-06-26,one-shot
Sonic the Hedgehog #70,2024-07-03,main
Sonic the Hedgehog #71,2024-07-31,main
Sonic the Hedgehog #72,2024-08-28,main
Sonic the Hedgehog #73,2024-09-18,main
Sonic the Hedgehog Annual 2024,2024-10-09,mini/annual/crossover
Sonic the Hedgehog #74,2024-10-30,main
Sonic the Hedgehog: Knuckles' 30th Anniversary Special,2024-11-20,one-shot
Sonic the Hedgehog #75,2024-12-18,main
Sonic the Hedgehog #76,2025-02-05,main
Sonic the Hedgehog #77,2025-03-19,main
Sonic the Hedgehog #78,2025-05-07,main
Sonic the Hedgehog #79,2025-06-25,main
Sonic the Hedgehog #80,2025-07-30,main
Sonic the Hedgehog #81,2025-09-03,main
Sonic the Hedgehog: Chaotix's 30th Anniversary Special,2025-10-22,one-shot
Sonic the Hedgehog #82,2025-11-19,main
Sonic the Hedgehog #83,2025-12-24,main
Sonic the Hedgehog #84,2026-02-04,main
Sonic Racing: CrossWorlds One-shot,2026-03-04,one-shot
Sonic the Hedgehog #85,2026-03-11,main
Sonic the Hedgehog #86,2026-04-22,main
Sonic the Hedgehog #87,2026-06-17,main
Sonic the Hedgehog: 35th Anniversary Special,2026-07-08,one-shot
Sonic the Hedgehog X Godzilla Issue 1,2026-07-15,mini/annual/crossover
Sonic the Hedgehog #88,2026-08-05,main
