item,kind,date,note
Chao In Space,short,2019-12-12,
Sonic Frontiers Prologue: Divergence,short,,NOT SOURCED - no date field on wiki
Sonic and the Secret Rings (comic),tie-in comic,,NOT SOURCED - no date field on wiki
Sonic Colors Comics,tie-in comic,,NOT SOURCED - no date field on wiki
Sonic Superstars: Fang's Big Break,tie-in comic,2023-09-25,
Sonic Forces digital comic,tie-in comic,,NOT SOURCED - no date field on wiki
Sonic Frontiers Prologue: Convergence,tie-in comic,2022-10-18,
Sonic Spinball,game,1993-11-23,"Wikipedia infobox, WW"
Sonic the Hedgehog (2006),game,2006-11-14,Sonic Wiki
Sonic X Shadow Generations,game,2024-10-25,"Wikipedia infobox, WW"
