series,title,date
TailsTube,TailsTube No. 1 (feat. Sonic),2022-03-24
TailsTube,TailsTube No. 2 (feat. ???),2022-06-09
TailsTube,TailsTube No. 3 (feat. Knuckles),2022-09-22
TailsTube,TailsTube No. 4 (feat. Amy Rose),2023-03-16
TailsTube,TailsTube No. 5 (Remember When?),2023-10-10
TailsTube,TailsTube No. 6 (Surprise Gift Exchange Bonanza),2023-12-21
TailsTube,TailsTube No. 7 (Between Two Hedgehogs),2024-04-25
TailsTube,TailsTube No. 8 (Finding Fortune With Amy),2024-08-15
TailsTube,TailsTube No. 9 (Scary Story Spooktacular),2024-10-31
TailsTube,TailsTube No. 10 (Happy New Year),2024-12-31
TailsTube,TailsTube No. 11 (A Meeting of the Minds!),2025-03-27
TailsTube,TailsTube No. 12 (Life Hacks),2025-07-10
TailsTube,TailsTube No. 13 (Pit Crew),2025-09-04
TailsTube,TailsTube No. 14 (Bonus Lap),2026-02-26
TailsTube,TailsTube No. 15 (Garden Party),2026-04-22
TailsTube,TailsTube No. 16 (Between 2 Hedgehogs),2026-07-30
Sonic Mania Adventures,& Knuckles,2018-05-31
Sonic Mania Adventures,The Complete Mini-Series,2018-07-17
Sonic Mania Adventures,From: A. Rose,2018-12-20
Sonic Mania Adventures,Metal Mayhem,2018-07-17
Sonic Mania Adventures,Mighty and Ray,2018-06-22
Sonic Mania Adventures,Sonic and Tails,2018-04-30
Sonic Mania Adventures,Sonic Returns,2018-03-30
Chao Tales,Chao Tales - Ep. 1,2025-04-03
Chao Tales,Chao Tales - Ep. 2,2025-04-10
Chao Tales,Chao Tales - Ep. 3,2025-04-17
Chao Tales,Chao Tales - Ep. 4,2025-04-24
Chao Tales,Chao Tales - Ep. 5,2025-05-01
Chao Tales,Chao Tales - Ep. 6,2025-05-08
Chao Tales,Chao Tales - Ep. 7,2025-05-15
Chao Tales,Chao Tales - Ep. 8,2025-05-22
Chao Tales,Sonic Presents: A Chao Tales Halloween,2025-10-17
(single/other),Sonic: Night of the Werehog,2008-11-17
(single/other),Chao in Space,
(single/other),Sonic Colors: Rise of the Wisps,2021-05-27
(single/other),Team Sonic Racing Overdrive,2019-04-25
(single/other),Sonic Frontiers Prologue: Divergence,
(single/other),Sonic Superstars: Trio of Trouble,2023-09-20
(single/other),Sonic X Shadow Generations: Dark Beginnings,2024-05-14
(single/other),Ghost Tale,2023-10-31
(single/other),Sonic & Friends,2023-08-07
